winner_name,constituency,county,party,reported_poll_stations,total_poll_stations,votes_percent,votes_count,disputed_votes,valid_votes,rejected_votes,registered_voters
WILLIAM CHEPTUMO KIPKIROR,BARINGO NORTH,BARINGO,JP,173,173,35.72,12493,0,34971,529,42774
JOSHUA CHEPYEGON KANDIE,BARINGO CENTRAL,BARINGO,MCCP,135,135,48.1,15171,13,31543,328,38388
GRACE JELAGAT KIPCHOIM,BARINGO SOUTH,BARINGO,JP,132,132,37.28,10598,3,28429,300,35162
MOSES K LESSONET,ELDAMA RAVINE,BARINGO,JP,154,154,46.65,20669,0,44304,955,54742
DANIEL KAMUREN TUITOEK,MOGOTIO,BARINGO,JP,155,155,53.58,14751,92,27529,384,32276
WILLIAM KAMKET KASSAIT,TIATY,BARINGO,KANU,143,143,61.51,14417,1,23438,934,28916
RONALD KIPROTICH TONUI,BOMET CENTRAL,BOMET,JP,126,126,85.08,41928,0,49279,1154,60115
BEATRICE PAULINE CHERONO KONES,BOMET EAST,BOMET,JP,115,115,53.57,22796,0,42553,1510,52862
GIDEON KIMUTAI KOSKE,CHEPALUNGU,BOMET,CCM,160,160,33.96,19428,1,57205,1073,68544
YEGON BRIGHTON LEONARD,KONOIN,BOMET,JP,156,156,63.12,33836,0,53606,339,67177
DOMINIC KIPKOECH KOSKEI,SOTIK,BOMET,JP,171,171,66.09,39918,0,60395,1825,73314
MOSES WEKESA MWAMBU MABONGA,BUMULA,BUNGOMA,IND,148,148,34.34,18658,1,54332,1407,70683
JAMES LUSWETI MUKWE,KABUCHAI,BUNGOMA,FORD-KENYA,123,123,42.37,18543,0,43761,450,57476
ATHANAS  MISIKO WAFULA WAMUNYINYI,KANDUYI,BUNGOMA,FORD-KENYA,204,204,42.87,33507,22,78155,1627,105565
DIDMUS WEKESA BARASA MUTUA,KIMILILI,BUNGOMA,JP,107,107,51.26,19618,0,38272,424,52268
FRED KAPONDI CHESEBE,MT. ELGON,BUNGOMA,JP,152,152,49.29,25000,0,50716,493,66220
JOHN  WALUKE KOYI,SIRISIA,BUNGOMA,JP,99,99,58.44,18077,1,30934,799,40940
DAVID ESELI SIMIYU,TONGAREN,BUNGOMA,FORD-KENYA,164,164,60.19,33869,3,56274,586,73969
BERNARD ALFRED WEKESA SAMBU,WEBUYE EAST,BUNGOMA,ANC,93,93,36.57,11532,0,31530,337,42263
DANIEL WANYAMA SITATI,WEBUYE WEST,BUNGOMA,JP,96,96,40.9,15149,0,37043,1526,50466
RAPHAEL BITTA  SAUTI WANJALA,BUDALANGI,BUSIA,ODM,84,84,44.43,13494,6,30374,227,38417
JOSEPH H MAERO OYULA,BUTULA,BUSIA,ODM,120,120,29.12,13275,22,45589,467,57685
WILBERFORCE OJIAMBO OUNDO,FUNYULA,BUSIA,ODM,99,99,60.98,21597,5,35417,328,44671
GEOFFREY MAKOKHA ODANGA,MATAYOS,BUSIA,ODM,117,117,51.88,22895,1,44132,1137,56841
SAKWA JOHN BUNYASI,NAMBALE,BUSIA,ANC,86,86,47.11,15639,1,33194,279,42259
EDWARD OKU KAUNYA,TESO NORTH,BUSIA,ANC,118,118,37.28,14462,28,38796,2015,49833
GEOFFREY OMUSE,TESO SOUTH,BUSIA,ODM,136,136,46.49,22747,4,48932,352,61342
JAMES KIPKOSGEI MURGOR,KEIYO NORTH,ELGEYO/MARAKWET,JP,103,103,50.1,16827,7,33584,195,41367
DANIEL KIPKOGEI RONO,KEIYO SOUTH,ELGEYO/MARAKWET,JP,148,149,78.56,33726,0,42928,370,54050
DAVID KANGOGO BOWEN,MARAKWET EAST,ELGEYO/MARAKWET,JP,141,142,49.25,14626,0,29699,81,36428
WILLIAM KIPKEMOI KISANG,MARAKWET WEST,ELGEYO/MARAKWET,JP,134,135,60.32,23450,3,38878,198,48819
JOHN MUCHIRI NYAGA,MANYATTA,EMBU,JP,226,226,42.63,34318,460,80511,1379,99339
CHARLES MURIUKI NJAGAGUA,MBEERE NORTH,EMBU,JP,122,122,61.9,26067,5,42114,1066,51009
GEOFFREY KINGAGI MUTURI,MBEERE SOUTH,EMBU,JP,177,177,31.47,18225,6,57920,1702,72143
ERIC MUCHANGI NJIRU,RUNYENJES,EMBU,JP,185,185,85.39,60097,4,70379,1922,86977
ABDI OMAR SHURIE,BALAMBALA,GARISSA,JP,53,53,63.85,8901,0,13941,879,20145
MOHAMED DAHIR DUALE,DADAAB,GARISSA,KANU,56,56,53.0,9515,5,17952,642,25762
ABDIKHAIM OSMAN MOHAMED,FAFI,GARISSA,KANU,61,61,44.88,5906,5,13160,433,19883
ADEN BARE DUALE,GARISSA TOWNSHIP,GARISSA,JP,96,97,58.25,21005,7,36058,2023,54291
SOPHIA ABDI NOOR,IJARA,GARISSA,PDR,65,68,34.75,5899,0,16975,420,22722
MOHAMED HIRE GARANE,LAGDERA,GARISSA,KANU,46,46,38.47,5283,0,13734,251,20547
GEORGE PETER OPONDO KALUMA,HOMA BAY TOWN,HOMA BAY,ODM,105,105,62.49,26746,28,42802,202,50570
EVE AKINYI OBARA,KABONDO KASIPUL,HOMA BAY,ODM,105,105,65.64,27467,2,41846,157,49432
ANDREW ADIPO OKUOME,KARACHUONYO,HOMA BAY,ODM,183,184,84.96,58366,1,68700,780,84004
CHARLES ONG'ONDO WERE,KASIPUL,HOMA BAY,ODM,113,113,72.68,34538,1,47520,266,57344
MARTIN PETERS OWINO,NDHIWA,HOMA BAY,ODM,182,185,73.22,52049,2,71082,735,85056
LILIAN ACHIENG GOGO,RANGWE,HOMA BAY,ODM,118,118,54.37,23998,0,44135,464,52516
MILLIE GRACE AKOTH ODHIAMBO,SUBA NORTH,HOMA BAY,ODM,139,139,61.2,27208,9,44457,1179,51454
MBADI JOHN NG'ONGO,SUBA SOUTH,HOMA BAY,ODM,113,113,52.25,20649,5,39522,714,46499
HASSAN ODA HULUFO,ISIOLO NORTH,ISIOLO,KPP,140,140,31.66,12506,450,39497,1377,56253
ABDI KOROPU TEPO,ISIOLO SOUTH,ISIOLO,KPP,55,55,25.17,3676,0,14603,68,19085
ELIJAH MEMUSI KANCHORY,KAJIADO CENTRAL,KAJIADO,ODM,125,125,47.42,23091,1,48694,907,56434
PERIS PESI TOBIKO,KAJIADO EAST,KAJIADO,JP,184,184,52.31,39944,4,76366,694,102804
JOSEPH WATHIGO MANJE,KAJIADO NORTH,KAJIADO,JP,201,201,65.73,63639,1,96818,4159,127953
METITO JUDAH KATOO,KAJIADO SOUTH,KAJIADO,JP,139,139,64.61,31627,0,48951,211,59976
GEORGE RISA SUNKUYIA,KAJIADO WEST,KAJIADO,JP,148,148,34.29,18724,0,54599,1142,64026
NICHOLAS  SCOTT TINDI MWALE,BUTERE,KAKAMEGA,ANC,124,124,38.35,18021,10,46995,908,62956
BENARD MASAKA SHINALI,IKOLOMANI,KAKAMEGA,JP,103,103,43.65,15898,5,36424,774,49899
CHRISTOPHER ASEKA WANGAYA,KHWISERO,KAKAMEGA,ANC,105,105,60.54,22584,5,37305,260,48920
ENOCH WAMALWA KIBUNGUCHY,LIKUYANI,KAKAMEGA,FORD-KENYA,120,120,34.19,16010,2,46827,665,63311
AYUB SAVULA ANGATIA,LUGARI,KAKAMEGA,ANC,159,159,71.99,41221,1,57260,1601,77001
TITUS KHAMALA MUKHWANA,LURAMBI,KAKAMEGA,ANC,166,166,43.3,25740,0,59445,3369,80037
MOSES MALULU INJENDI,MALAVA,KAKAMEGA,JP,160,160,33.7,20582,5,61072,1529,82136
JUSTUS  MURUNGA MAKOKHA,MATUNGU,KAKAMEGA,ANC,115,115,38.03,18088,0,47562,1319,61728
BENJAMIN JOMO WASHIALI,MUMIAS EAST,KAKAMEGA,JP,90,91,40.5,13849,5,34191,434,45380
JOHNSON MANYA NAICCA,MUMIAS WEST,KAKAMEGA,ODM,92,92,48.98,17216,0,35150,1340,47492
EMMANUEL WANGWE,NAVAKHOLO,KAKAMEGA,JP,118,118,45.02,17876,2,39704,475,53620
JUSTUS GESITO MUGALI M'MBAYA,SHINYALU,KAKAMEGA,ODM,144,144,39.58,20381,0,51493,453,71256
SYLVANUS MARITIM,AINAMOI,KERICHO,JP,149,149,56.79,33057,0,58210,380,75521
NELSON KOECH,BELGUT,KERICHO,JP,127,127,63.45,34353,0,54146,303,67599
JAPHETH KIPLANGAT MUTAI,BURETI,KERICHO,JP,177,177,68.31,46916,0,68676,1307,82417
KIRUI JOSEPH LIMO,KIPKELION EAST,KERICHO,JP,119,119,61.44,27267,0,44377,259,56486
HILARY KIPLANG'AT KOSGEI,KIPKELION WEST,KERICHO,JP,106,106,64.36,24403,0,37918,582,46512
BENARD KIPSENGERET KOROS,SIGOWET/SOIN,KERICHO,IND,102,102,51.42,20284,0,39450,170,47133
ANNIE WANJIKU KIBEH,GATUNDU NORTH,KIAMBU,JP,126,126,66.32,39448,0,59482,761,67598
MOSES KIARIE KURIA,GATUNDU SOUTH,KIAMBU,JP,140,140,91.64,60867,0,66422,1350,75858
GABRIEL KAGO MUKUHA,GITHUNGURI,KIAMBU,JP,174,174,89.18,77407,1,86801,950,99384
FRANCIS MUNYUA WAITITU,JUJA,KIAMBU,JP,184,184,72.41,67431,11,93130,3443,114761
JAMES GITHUA KAMAU WAMACUKURU,KABETE,KIAMBU,JP,139,139,94.47,68364,15,72366,426,85446
PAUL KOINANGE,KIAMBAA,KIAMBU,JP,154,154,76.6,60407,6,78864,532,95413
JUDE L KANGETHE NJOMO,KIAMBU,KIAMBU,JP,132,132,97.79,66116,0,67609,1121,80730
ANTHONY KIMANI ICHUNG`WAH,KIKUYU,KIAMBU,JP,1,149,0.0,0,0,0,0,91157
JONAH MBURU MWANGI,LARI,KIAMBU,JP,142,142,76.09,51454,1,67624,243,76655
PETER MUNGAI MWATHI,LIMURU,KIAMBU,JP,153,153,59.16,43350,1,73276,871,87258
SIMON NGANGA KINGARA,RUIRU,KIAMBU,JP,240,240,87.15,108665,1,124685,1156,159337
PATRICK KIMANI WAINAINA JUNGLE,THIKA TOWN,KIAMBU,IND,230,230,52.39,60553,5,115574,857,147323
TEDDY NGUMBAO MWAMBIRE,GANZE,KILIFI,ODM,132,132,38.76,14703,3,37935,328,54760
PAUL KAHINDI KATANA,KALOLENI,KILIFI,ODM,123,123,44.97,17093,0,38007,417,60470
OWEN YAA BAYA,KILIFI NORTH,KILIFI,ODM,181,182,43.3,27588,0,63719,722,101978
RICHARD KEN CHONGA KITI,KILIFI SOUTH,KILIFI,ODM,147,147,67.15,36449,0,54276,1036,84865
MICHAEL THOYAH KINGI,MAGARINI,KILIFI,ODM,157,157,41.81,19186,5,45887,1411,68453
AISHA JUMWA KARISA KATANA,MALINDI,KILIFI,ODM,154,154,52.47,29150,2,55552,1169,87210
WILLIAM KAMOTI MWAMKALE,RABAI,KILIFI,ODM,93,93,58.84,18318,0,31131,366,50332
ROBERT GICHIMU GITHINJI,GICHUGU,KIRINYAGA,JP,168,168,92.28,68521,0,74255,485,85352
JOHN MUNENE WAMBUGU,KIRINYAGA CENTRAL,KIRINYAGA,JP,139,140,42.73,27845,4,65169,1304,76021
JOSPHAT KABINGA WACHIRA,MWEA,KIRINYAGA,JP,222,222,68.55,70472,1,102797,3485,122380
GEORGE MACHARIA  KARIUKI GK,NDIA,KIRINYAGA,JP,129,129,53.66,30720,0,57247,1643,66083
INNOCENT MOMANYI OBIRI,BOBASI,KISII,PDP,184,184,37.65,25457,1,67608,1402,89310
ZADOC ABEL OGUTU,BOMACHOGE BORABU,KISII,IND,105,105,39.37,14112,1,35845,317,49081
MIRUKA ONDIEKI ALFAH,BOMACHOGE CHACHE,KISII,KNC,89,89,61.94,19711,0,31825,830,41745
JOHN OROO OYIOKA,BONCHARI,KISII,PDP,102,102,30.84,12043,0,39053,429,52624
JIMMY  NURU ONDIEKI ANGWENYI,KITUTU CHACHE NORTH,KISII,JP,105,106,45.4,16097,0,35456,1338,50665
RICHARD NYAGAKA TONGI,NYARIBARI CHACHE,KISII,JP,145,149,24.77,13812,0,55760,1150,77729
EZEKIEL MACHOGU OMBAKI,NYARIBARI MASABA,KISII,NAPK,132,132,35.91,15902,81,44278,499,59064
SILVANUS OSORO ONYIEGO,SOUTH MUGIRANGO,KISII,KNC,144,144,21.75,11168,0,51358,1838,67345
FRED ODHIAMBO OUDA,KISUMU CENTRAL,KISUMU,ODM,196,196,88.48,81737,0,92376,862,120023
SHAKEEL AHMED SHABBIR AHMED,KISUMU EAST,KISUMU,IND,139,141,52.64,33937,6,64472,420,81538
JOHN OLAGO ALUOCH,KISUMU WEST,KISUMU,FORD-KENYA,142,142,57.02,33731,3,59161,435,74439
PATRICK AYIECHO OLWENY,MUHORONI,KISUMU,ODM,40,142,86.58,14588,0,16850,965,69091
JOSHUA ADUMA OWUOR,NYAKACH,KISUMU,ODM,144,147,95.99,54236,1,56503,319,68884
JARED ODOYO OKELO,NYANDO,KISUMU,ODM,148,148,99.26,60422,7,60872,304,71680
JAMES WAMBURA NYIKAL,SEME,KISUMU,ODM,111,111,73.69,32678,477,44343,778,53555
BENSON MAKALI MULU,KITUI CENTRAL,KITUI,WDM-K,182,183,43.41,22272,12,51302,832,70736
NIMROD MBITHUKA MBAI,KITUI EAST,KITUI,JP,174,174,32.37,14330,4,44266,2420,57290
DAVID MWALIKA MBONI,KITUI RURAL,KITUI,CCU,147,147,37.51,13790,6,36764,799,49614
RACHAEL KAKI NYAMAI,KITUI SOUTH,KITUI,JP,234,234,43.52,22753,1,52281,747,68185
FRANCIS MWANZIA NYENZE,KITUI WEST,KITUI,WDM-K,143,143,54.3,21540,0,39668,269,52042
GIDEON MUTEMI MULYUNGI,MWINGI CENTRAL,KITUI,WDM-K,194,194,64.06,29872,1,46631,1234,63305
PAUL MUSYIMI NZENGU,MWINGI NORTH,KITUI,WDM-K,223,223,50.16,23589,0,47029,849,61491
CHARLES NGUSYA NGUNA,MWINGI WEST,KITUI,WDM-K,156,156,36.19,14820,0,40950,820,51849
BENJAMIN DALU STEPHEN TAYARI,KINANGO,KWALE,ODM,212,212,63.64,37066,0,58241,1782,85106
KHATIB ABDALLAH MWASHETANI,LUNGALUNGA,KWALE,JP,118,118,34.9,12359,1,35412,562,56948
KASSIM SAWA TANDAZA,MATUGA,KWALE,ANC,27,153,49.66,3533,0,7115,67,70366
SULEIMAN DORI RAMADHANI,MSAMBWENI,KWALE,ODM,129,129,50.18,22391,1,44619,1063,68621
AMIN DEDDY MOHAMED ALI,LAIKIPIA EAST,LAIKIPIA,JP,177,177,77.32,56624,0,73235,528,88886
SARAH PAULATA KORERE,LAIKIPIA NORTH,LAIKIPIA,JP,128,128,32.12,10767,1,33526,916,46671
PATRICK KARIUKI MARIRU,LAIKIPIA WEST,LAIKIPIA,JP,226,226,69.89,64343,2,92066,742,110930
SHARIF ATHMAN ALI,LAMU EAST,LAMU,JP,45,45,34.02,4692,0,13792,626,18234
STANLEY MUIRURI MUTHAMA,LAMU WEST,LAMU,MCCP,122,122,31.13,11090,21,35630,1201,51542
FABIAN KYULE MULI,KANGUNDO,MACHAKOS,MUUNGANO,120,120,36.46,15327,0,42033,1096,53475
ROBERT MBUI,KATHIANI,MACHAKOS,WDM-K,113,113,91.23,40082,3,43934,518,54909
VICTOR KIOKO MUNYAKA,MACHAKOS TOWN,MACHAKOS,JP,213,213,53.59,44122,5,82334,1394,109877
JOSHUA MBITHI MWALYO,MASINGA,MACHAKOS,WDM-K,170,170,46.93,23015,1,49046,723,61989
STEPHEN  MUTINDA MULE,MATUNGULU,MACHAKOS,WDM-K,145,145,44.4,22311,0,50249,1129,66611
PATRICK MAKAU KING'OLA,MAVOKO,MACHAKOS,WDM-K,188,189,60.45,49452,5,81803,1649,118180
VINCENT MUSYOKA MUSAU,MWALA,MACHAKOS,MCCP,213,213,56.37,35976,5,63824,963,81273
CHARLES MUTAVI KILONZO,YATTA,MACHAKOS,IND,169,169,32.52,18320,5,56338,599,73940
JOSHUA KIVINDA KIMILU,KAITI,MAKUENI,WDM-K,144,144,48.93,22584,0,46154,204,57952
JESSICA NDUKU KIKO MBALU,KIBWEZI EAST,MAKUENI,WDM-K,151,151,59.59,26131,0,43853,515,57628
PATRICK MWEU MUSIMBA,KIBWEZI WEST,MAKUENI,IND,194,194,70.13,44514,1,63477,2114,80805
THUDDEUS KITHUA NZAMBIA,KILOME,MAKUENI,WDM-K,108,108,55.92,21396,1,38264,1464,50232
DANIEL KITONGA MAANZO,MAKUENI,MAKUENI,WDM-K,225,225,73.09,52422,1,71721,2175,90817
ERASTUS KIVASU NZIOKA,MBOONI,MAKUENI,ND,238,238,24.15,16587,2,68677,3038,85876
KULOW MAALIM HASSAN,BANISSA,MANDERA,EFP,53,53,64.86,9982,0,15390,700,18476
ABDI MUDE IBRAHIM,LAFEY,MANDERA,EFP,36,36,54.0,5852,7,10838,41,14321
OMAR MOHAMED  MAALIM HASSAN,MANDERA EAST,MANDERA,EFP,84,84,43.09,11440,1,26551,403,38965
BASHIR SHEIKH ABDULLAH,MANDERA NORTH,MANDERA,JP,99,99,63.75,25689,3,40296,44,51231
ADAN HAJI ALI,MANDERA SOUTH,MANDERA,JP,71,71,54.38,11609,4,21349,564,25833
ADAN HAJI YUSSUF,MANDERA WEST,MANDERA,EFP,58,58,55.11,12207,1,22149,56,26816
MARSELINO MALIMO ARBELLE,LAISAMIS,MARSABIT,JP,79,79,59.39,12607,0,21228,717,28104
QALICHA GUFU WARIO,MOYALE,MARSABIT,JP,136,136,34.69,15190,0,43787,1046,55664
FRANCIS CHACHU GANYA,NORTH HORR,MARSABIT,FAP,101,101,46.8,11129,0,23778,960,30858
DIDO ALI RASO,SAKU,MARSABIT,JP,68,68,61.81,13484,1,21816,102,27082
MUGAMBI MURWITHANIA RINDIKIRI,BUURI,MERU,JP,160,160,31.08,17523,0,56377,1900,76033
MOSES NGUCHINE KIRIMA,CENTRAL IMENTI,MERU,JP,150,150,21.88,12353,1,56450,878,70124
CYPRIAN KUBAI IRINGO,IGEMBE CENTRAL,MERU,JP,181,181,48.5,30301,2,62478,1268,83912
RICHARD MAORE MAOKA,IGEMBE NORTH,MERU,JP,151,151,34.04,17674,0,51928,1084,67350
JOHN PAUL MWIRIGI,IGEMBE SOUTH,MERU,IND,144,144,38.96,19980,2,51282,396,68166
ABDUL RAHIM DAWOOD,NORTH IMENTI,MERU,JP,177,177,42.84,29042,4,67788,1022,89447
KATHURI MURUNGI,SOUTH IMENTI,MERU,IND,216,216,38.33,32854,1,85711,1124,107414
JOSPHAT GICHUNGE MWIRABUA KABEABEA,TIGANIA EAST,MERU,PNU,163,163,53.23,32535,0,61124,1418,75920
JOHN KANYUITHIA MUTUNGA,TIGANIA WEST,MERU,JP,131,131,37.02,18324,0,49492,2988,64114
JOHN WALTER OWINO,AWENDO,MIGORI,ODM,101,101,49.99,20724,0,41455,575,48293
MARWA KEMERO MAISORI KITAYAMA,KURIA EAST,MIGORI,JP,80,80,58.41,15668,0,26824,761,35154
MATHIAS NYAMABE ROBI,KURIA WEST,MIGORI,JP,117,117,46.98,17444,0,37134,753,51057
TOM MBOYA ODEGE,NYATIKE,MIGORI,ODM,138,138,51.36,26872,2,52316,1126,61477
PAUL ODALO MAK' OJUANDO ABUOR,RONGO,MIGORI,ODM,97,97,68.47,29019,0,42379,194,48412
JUNET SHEIKH NUH,SUNA EAST,MIGORI,ODM,95,95,55.56,21635,5,38939,173,46534
PETER FRANCIS MASARA,SUNA WEST,MIGORI,IND,88,88,50.11,19341,0,38594,136,46030
MARK OGOLLA NYAMITA,URIRI,MIGORI,ODM,110,110,77.78,34107,0,43852,845,51676
OMAR MWINYI SHIMBWA,CHANGAMWE,MOMBASA,ODM,136,136,59.25,31322,4,52865,1120,86331
BADY TWALIB BADY,JOMVU,MOMBASA,ODM,109,109,40.81,17056,14,41798,1178,69307
ALI MENZA MBOGO,KISAUNI,MOMBASA,WDM-K,198,198,46.85,34928,8,74559,1448,126151
MISHI JUMA KHAMISI MBOKO,LIKONI,MOMBASA,ODM,140,140,55.61,27433,0,49327,494,87326
ABDULLSWAMAD SHERIFF NASSIR,MVITA,MOMBASA,ODM,186,186,76.55,46667,2,60963,648,107091
MOHAMED ALI MOHAMED,NYALI,MOMBASA,IND,165,165,43.32,26798,2,61855,1221,104017
JOSEPH NDUATI NGUGI,GATANGA,MURANG'A,JP,197,197,68.07,56217,1,82585,1588,96004
ALICE MUTHONI WAHOME,KANDARA,MURANG'A,JP,189,189,56.99,48927,1,85845,849,98633
CLEMENT MUTURI KIGANO,KANGEMA,MURANG'A,JP,91,91,78.13,32958,0,42181,890,48730
RUTH W MWANIKI,KIGUMO,MURANG'A,JP,150,150,59.94,41054,0,68489,759,78481
SAMSON NDINDI NYORO,KIHARU,MURANG'A,JP,212,212,61.63,60881,0,98782,1977,114260
MARY WAMAUA WAITHIRA NJOROGE,MARAGWA,MURANG'A,JP,182,182,56.97,46688,2,81959,2928,96078
PETER KIMARI KIHARA,MATHIOYA,MURANG'A,JP,110,110,68.55,32527,0,47449,712,54940
PAUL SIMBA ARATI,DAGORETTI NORTH,NAIROBI CITY,ODM,220,220,47.83,50598,12,105798,2276,147214
JOHN/t   KIARIE WAWERU,DAGORETTI SOUTH,NAIROBI CITY,JP,168,168,66.74,55685,1,83438,1112,107239
BENJAMIN GATHIRU MWANGI,EMBAKASI CENTRAL,NAIROBI CITY,JP,193,193,51.1,49843,94,97537,2309,131991
OWINO PAUL ONGILI BABU,EMBAKASI EAST,NAIROBI CITY,ODM,207,207,47.63,46984,7,98639,3439,140740
JAMES MWANGI GAKUYA,EMBAKASI NORTH,NAIROBI CITY,JP,157,157,55.91,44883,10,80280,2447,104253
JULIUS MUSILI MAWATHE,EMBAKASI SOUTH,NAIROBI CITY,WDM-K,221,221,34.35,33880,10,98639,1307,150314
GEORGE THEURI,EMBAKASI WEST,NAIROBI CITY,JP,185,187,59.15,55185,3,93297,2751,126682
YUSUF HASSAN ABDI,KAMUKUNJI,NAIROBI CITY,JP,180,181,51.12,39634,9,77527,1599,120266
MERCY WANJIKU GAKUYA,KASARANI,NAIROBI CITY,JP,220,222,68.79,77957,3,113333,1236,146701
KENNETH ODHIAMBO OKOTH,KIBRA,NAIROBI CITY,ODM,177,180,78.45,65919,29,84027,693,118276
GENERALI NIXON KIPROTICH KORIR,LANGATA,NAIROBI CITY,JP,200,200,44.28,41085,1,92790,4252,132572
GEORGE ALADWA OMWERA,MAKADARA,NAIROBI CITY,ODM,192,192,48.34,45518,9,94158,1282,126048
ANTHONY TOM OLUOCH,MATHARE,NAIROBI CITY,ODM,171,171,54.42,44194,21,81207,1988,115559
ISAAC WAIHENYA NDIRANGU,ROYSAMBU,NAIROBI CITY,JP,218,221,64.62,73323,4,113464,1723,147582
KAJWANG' TOM JOSEPH FRANCIS,RUARAKA,NAIROBI CITY,ODM,175,175,42.86,36890,0,86075,1415,116301
CHARLES KANYI NJAGUA,STAREHE,NAIROBI CITY,JP,253,253,51.61,61262,69,118698,1889,166397
TIMOTHY WANYONYI WETANGULA,WESTLANDS,NAIROBI CITY,ODM,230,230,54.8,58945,0,107570,1072,152718
ONESMAS  KIMANI NGUNJIRI,BAHATI,NAKURU,JP,169,169,82.01,60273,0,73495,1103,87508
MARTHA WANGARI WANJIRA,GILGIL,NAKURU,JP,162,162,76.2,51943,1,68168,710,85340
MOSES KIPKEMBOI CHEBOI,KURESOI NORTH,NAKURU,JP,121,122,77.41,36030,0,46544,592,61344
FRANCIS KURIA KIMANI,MOLO,NAKURU,JP,135,135,69.27,39304,0,56741,2003,70992
JAYNE NJERI  WANJIRU KIHARA,NAIVASHA,NAKURU,JP,255,256,73.05,84048,2,115051,3707,145049
DAVID GIKARIA,NAKURU TOWN EAST,NAKURU,JP,185,185,71.21,63121,1,88636,1230,112744
SAMUEL ARAMA,NAKURU TOWN WEST,NAKURU,JP,159,159,41.38,29775,3,71959,737,97549
CHARITY KATHAMBI CHEPKWONY,NJORO,NAKURU,JP,191,191,73.5,62061,6,84438,1785,104687
KIPRUTO MOI,RONGAI,NAKURU,KANU,182,182,54.88,32384,0,59009,581,77162
SAMUEL KINUTHIA GACHOBE,SUBUKIA,NAKURU,JP,130,130,62.32,27011,0,43339,1241,51582
CORNELLY SEREM,ALDAI,NANDI,JP,170,170,56.28,29052,0,51624,419,65866
WILSON KIPNGETICH KOGO,CHESUMEI,NANDI,JP,132,132,65.92,31960,0,48485,946,62299
ALEXANDER KIMUTAI KIGEN KOSGEY,EMGWEN,NANDI,JP,120,120,51.28,22896,389,44652,569,58552
VINCENT KIPKURUI TUWEI,MOSOP,NANDI,JP,143,143,92.61,47686,48,51492,1243,63926
ALFRED KIPTOO KETER,NANDI HILLS,NANDI,JP,121,121,62.09,23959,0,38589,1337,51393
JULIUS KIPBIWOT,TINDERET,NANDI,JP,110,110,66.11,23592,0,35688,320,43971
JOHANA NGENO KIPYEGON,EMURUA DIKIRR,NAROK,KANU,74,75,53.82,15832,0,29418,862,35531
GIDEON SITELU KONCHELA,KILGORIS,NAROK,JP,165,165,44.62,24134,0,54090,1315,67079
LEMANKEN ARAMAT,NAROK EAST,NAROK,JP,84,84,40.71,13558,0,33301,802,39559
RICHARD MOITALEI OLE KENTA,NAROK NORTH,NAROK,ODM,162,162,50.71,33399,2,65869,1256,78380
KOREI OLE LEMEIN,NAROK SOUTH,NAROK,JP,143,143,58.57,31297,1,53432,211,65772
GABRIEL KOSHAL TONGOYO,NAROK WEST,NAROK,CCM,121,121,32.65,14740,0,45152,532,55409
BEN GEORGE ORORI MOMANYI,BORABU,NYAMIRA,WDM-K,108,108,43.41,17080,0,39344,447,54909
SHADRACK JOHN MOSE,KITUTU MASABA,NYAMIRA,JP,185,187,48.13,33171,3,68923,1493,93246
JOASH NYAMACHE NYAMOKO,NORTH MUGIRANGO,NYAMIRA,JP,111,111,29.43,11910,10,40470,3375,54306
VINCENT KEMOSI MOGAKA,WEST MUGIRANGO,NYAMIRA,FORD-KENYA,147,147,21.62,12015,3,55567,1064,76392
ZACHARY KWENYA THUKU,KINANGOP,NYANDARUA,JP,206,206,78.7,75427,0,95845,2942,109241
AMOS MUHINGA KIMUNYAH,KIPIPIRI,NYANDARUA,JP,107,107,70.3,30663,0,43617,636,50416
JEREMIAH NG'AYU KIONI,NDARAGWA,NYANDARUA,JP,113,113,67.42,30668,3,45490,182,52831
MICHAEL MWANGI MUCHIRA,OL JOROK,NYANDARUA,JP,102,102,68.25,31532,1,46201,637,54770
DAVID NJUGUNA KIARAHO,OL KALOU,NYANDARUA,JP,126,126,65.72,37751,3,57446,730,68376
MATHENGE JAMES KANINI KEGA,KIENI,NYERI,JP,227,227,73.62,68350,5,92836,2155,109001
RIGATHI GACHAGUA,MATHIRA,NYERI,JP,190,190,60.61,52757,0,87047,1798,99496
ANTHONY GITHIAKA KIAI,MUKURWEINI,NYERI,JP,111,111,52.38,25268,1,48237,1289,55310
MARTIN DERIC NGUNJIRI WAMBUGU,NYERI TOWN,NYERI,JP,152,152,71.07,48602,2,68390,2412,82860
JAMES GICHUKI MUGAMBI,OTHAYA,NYERI,JP,129,129,61.86,31910,0,51587,187,58566
JAMES GICHUHI MWANGI,TETU,NYERI,JP,108,108,54.58,24811,0,45458,567,51716
LENTOI JONI L JACKSON LEKUMONTARE,SAMBURU EAST,SAMBURU,KANU,93,93,35.93,5691,0,15838,397,22096
ALOIS MUSA LENTOIMAGA,SAMBURU NORTH,SAMBURU,JP,90,90,57.13,10971,0,19203,141,24588
JOSEPHINE NAISULA LESUUDA,SAMBURU WEST,SAMBURU,KANU,101,101,50.37,14561,2,28906,1261,36103
SAMUEL ONUNGA ATANDI,ALEGO USONGA,SIAYA,ODM,206,206,69.03,59262,0,85850,424,103334
GIDEON OCHANDA OGOLLA,BONDO,SIAYA,ODM,177,177,85.68,64104,0,74820,1926,90278
ELISHA OCHIENG ODHIAMBO,GEM,SIAYA,ODM,168,168,52.89,34724,0,65650,841,80472
PAUL OTIENDE AMOLLO,RARIEDA,SIAYA,ODM,151,151,74.41,47182,0,63404,286,75779
CHRISTOPHER ODHIAMBO KARANI,UGENYA,SIAYA,ODM,112,112,50.15,23765,0,47389,1236,57603
JAMES OPIYO WANDAYI,UGUNJA,SIAYA,ODM,102,102,81.6,34229,344,41949,1202,50487
ANDREW MWADIME,MWATATE,TAITA TAVETA,ODM,96,96,55.4,15396,0,27791,1361,39031
NAOMI NAMSI SHABAN,TAVETA,TAITA TAVETA,JP,79,79,43.43,11322,7,26072,234,34302
JONES MWAGOGO MLOLWA,VOI,TAITA TAVETA,ODM,110,110,49.42,18408,2,37248,1713,52472
DANSON MWASHAKO MWAKUWONA,WUNDANYI,TAITA TAVETA,WDM-K,69,69,39.04,8373,0,21447,154,29911
ALI WARIO,BURA,TANA RIVER,JP,101,101,39.97,10649,0,26643,1207,38152
SAID BUYA HIRIBAE,GALOLE,TANA RIVER,FORD-KENYA,93,93,60.82,16036,0,26367,259,33356
ALI WARIO GUYO,GARSEN,TANA RIVER,WDM-K,113,113,25.36,8708,4,34339,1034,46819
PATRICK MUNENE NTWIGA,CHUKA/IGAMBANG'OMBE,THARAKA - NITHI,JP,225,225,48.29,30175,16,62487,1433,76486
JAPHET MIRITI KAREKE MBIUKI,MAARA,THARAKA - NITHI,JP,182,182,65.34,36463,0,55801,1027,68729
GEORGE GITONGA MURUGARA,THARAKA,THARAKA - NITHI,DP,218,218,41.89,23534,3,56179,3146,67939
JOSHUA KUTUNY SEREM,CHERANGANY,TRANS NZOIA,JP,157,157,43.88,25849,2,58907,1125,76506
DR ROBERT PUKOSE,ENDEBESS,TRANS NZOIA,JP,37,86,62.04,8090,0,13040,170,43189
CHRISANTUS WAMALWA WAKHUNGU,KIMININI,TRANS NZOIA,FORD-KENYA,137,137,62.86,35456,0,56407,1644,77482
FERDINARD KEVIN WANYONYI,KWANZA,TRANS NZOIA,FORD-KENYA,124,124,44.41,20583,1,46351,1540,65643
CALEB AMISI LUYAI,SABOTI,TRANS NZOIA,ODM,135,135,35.74,19935,20,55780,952,76802
JEREMIAH EKAMAIS LOMORUKAI,LOIMA,TURKANA,ODM,109,109,54.2,11378,4,20992,632,29103
JOHN LODEPE NAKARA,TURKANA CENTRAL,TURKANA,ODM,140,140,60.41,19692,2,32596,1499,47866
LOKIRU ALI MOHAMMED,TURKANA EAST,TURKANA,ODM,71,71,51.24,5528,5,10788,441,15620
CHRISTOPHER DOYE NAKULEU,TURKANA NORTH,TURKANA,JP,115,117,56.73,13426,3,23668,63,34008
EKOMWA LOMENEN JAMES,TURKANA SOUTH,TURKANA,JP,107,107,53.33,12153,4,22787,1559,33422
DANIEL EPUYO NANOK,TURKANA WEST,TURKANA,JP,100,100,47.4,9537,1,20120,249,31416
WILLIAM KAMUREN CHIRCHIR CHEPKUT,AINABKOI,UASIN GISHU,IND,113,113,54.53,23290,2,42709,1303,54797
OSCAR KIPCHUMBA SUDI,KAPSERET,UASIN GISHU,JP,119,119,71.09,35395,0,49789,440,66582
SWARUP RANJAN MISHRA,KESSES,UASIN GISHU,JP,139,139,89.71,46099,2,51386,1244,67136
SILAS KIPKOECH TIREN,MOIBEN,UASIN GISHU,JP,145,145,90.3,46831,0,51859,368,68822
CALEB KIPKEMEI KOSITANY,SOY,UASIN GISHU,JP,159,159,54.49,34776,12,63822,1339,81867
JANET JEPKEMBOI SITIENEI,TURBO,UASIN GISHU,IND,193,193,46.52,37851,18,81363,1405,110851
JEREMIAH OMBOKO MILEMBA,EMUHAYA,VIHIGA,ANC,87,87,49.14,15046,0,30619,751,41494
CHARLES GUMINI GIMOSE,HAMISI,VIHIGA,FORD-KENYA,148,148,46.74,25072,0,53643,1109,73357
CHRISTOPHER OMULELE,LUANDA,VIHIGA,ODM,99,99,41.5,15117,2,36426,874,49214
ALFRED AGOI MASADIA,SABATIA,VIHIGA,ANC,128,128,68.83,33061,0,48030,629,63035
ERNEST OGESI KIVAI,VIHIGA,VIHIGA,ANC,86,86,37.06,12276,4,33121,2449,45309
ADAN KEYNAN WEHLIYE,ELDAS,WAJIR,JP,49,49,58.08,7673,1,13212,686,18676
AHMED BASHANE GAAL,TARBAJ,WAJIR,PDR,50,50,45.32,6836,2,15083,38,19699
RASHID KASSIM AMIN,WAJIR EAST,WAJIR,WDM-K,65,65,40.05,7885,17,19689,580,26964
AHMED ABDISALAN IBRAHIM,WAJIR NORTH,WAJIR,ODM,76,76,43.48,8476,11,19495,1043,24550
MOHAMUD SHEIKH MOHAMMED,WAJIR SOUTH,WAJIR,JP,119,119,42.7,13435,5,31462,708,45469
AHMED KOLOSH MOHAMED,WAJIR WEST,WAJIR,ODM,75,75,32.66,6702,5,20521,1037,27544
MARK LOMUNOKOL,KACHELIBA,WEST POKOT,PDR,186,187,48.19,17356,0,36018,893,42632
SAMWEL MOROTO CHUMEL,KAPENGURIA,WEST POKOT,JP,194,194,37.44,16574,1,44265,1829,55601
DAVID LOSIAKOU PKOSING,POKOT SOUTH,WEST POKOT,JP,204,205,46.39,18956,0,40860,1543,48070
PETER LOCHAKAPONG,SIGOR,WEST POKOT,JP,125,126,50.61,14647,1,28939,603,33929
